CMBLG00077;Camisa Baby Look Acdc Angus
G_CM_ACDC_ANGUS;Camisa com manga Acdc Angus
G_BL_ACDC_BACK_IN_BLACK;Camisa Baby Look Acdc Back In Black
G_CM_ACDC_BACK_IN_BLACK;Camisa com manga Acdc Back In Black
CMBLG00005;Camisa Baby Look Acdc Black Ice
G_CM_ACDC_BLACK_ICE;Camisa com manga Acdc Black Ice
CMBLG00047;Camisa Baby Look Acdc Canhao Branca
G_CM_ACDC_CANHAO_BRANCA;Camisa com manga Acdc Canhao Branca
G_CM_ACDC_HELLS_BELLS;Camisa com manga Acdc Hells Bells
G_CM_ACDC_HIGHWAY;Camisa com manga Acdc Highway
G_CM_ALICE_CACHORRO;Camisa com manga Alice Cachorro
G_CM_ALICE_IN_CHAINS_CAVEIRA_COLORIDA;Camisa com manga Alice In Chains Caveira Colorida
G_CM_ALICE_IN_CHAINS_CAVEIRA_P/B;Camisa com manga Alice In Chains Caveira P/b
G_CM_ALICE_IN_CHAINS_SOL;Camisa com manga Alice In Chains Sol
G_CM_AMON_AMARTH_CINZA;Camisa com manga Amon Amarth Cinza
G_CM_AMON_AMARTH_MARTELO;Camisa com manga Amon Amarth Martelo
G_CM_AMON_AMARTH_VERSUS;Camisa com manga Amon Amarth Versus
G_CM_AMY_CAVEIRA;Camisa com manga Amy Caveira
G_CM_ANGRA_ANJO;Camisa com manga Angra Anjo
G_CM_ANGRA_TEMPLE;Camisa com manga Angra Temple
G_CM_ANTHRAX_LAW;Camisa com manga Anthrax Law
CMBLG00035;Camisa Baby Look Artic Monkeys
G_CM_ARTIC_MONKEYS;Camisa com manga Artic Monkeys
CMBLG00055;Camisa Baby Look Asking
G_CM_ASKING;Camisa com manga Asking
G_CM_ASSASSINS_CREED;Camisa com manga Assassins Creed
CMCMM00072;Camisa com manga Audioslave
G_CM_AVENGED_BANDA_AMARELA;Camisa com manga Avenged Banda Amarela
CMBLG00046;Camisa Baby Look Avenged Nightmare
G_CM_AVENGED_NIGHTMARE;Camisa com manga Avenged Nightmare
CMBLG00063;Camisa Baby Look Avenged Nightmare Master
G_BL_AVENGED_TRADICIONAL;Camisa Baby Look Avenged Tradicional
G_CM_AVENGED_TRADICONAL;Camisa com manga Avenged Tradiconal
G_CM_BAD_RELIGION_CRUZ;Camisa com manga Bad Religion Cruz
G_CM_BATERIA_BRANCA;Camisa com manga Bateria Branca
G_CM_BATERIA_PRETA;Camisa com manga Bateria Preta
G_CM_BATHORY;Camisa com manga Bathory
G_BL_BAZINGA;Camisa Baby Look Bazinga
G_CM_BAZINGA;Camisa com manga Bazinga
CMBLG00068;Camisa Baby Look Beatles Atravessando Road
G_CM_BEATLES_AVIAO;Camisa com manga Beatles Aviao
CMBLG00007;Camisa Baby Look Beatles Banda Branca
G_CM_BEATLES_BANDA_BRANCA;Camisa com manga Beatles Banda Branca
CMCMGG00062;Camisa com manga Beatles Bonequinhos
G_CM_BEATLES_ROAD_ATRAVESSANDO;Camisa com manga Beatles Road Atravessando
G_BL_BEATLES_SGT_PEPPERS;Camisa Baby Look Beatles Sgt Peppers
G_CM_BEATLES_SGT_PEPPERS;Camisa com manga Beatles Sgt Peppers
G_BL_BEATLES_SUBMARINO_AMARELO;Camisa Baby Look Beatles Submarino Amarelo
G_CM_BEATLES_YELLOW;Camisa com manga Beatles Yellow
G_CM_BEZERRA;Camisa com manga Bezerra
CMBLG00034;Camisa Baby Look Bigode
G_CM_BLACK_LABEL_SOCIETY_PROFANUS;Camisa com manga Black Label Society Profanus
G_CM_BLACK_LABEL_SOCIETY_SIMBOLO;Camisa com manga Black Label Society Simbolo
G_CM_BLACK_SABBATH_BANDA_OZZY;Camisa com manga Black Sabbath Banda Ozzy
G_CM_BLACK_SABBATH_BANDA_OZZY_BRANCA;Camisa com manga Black Sabbath Banda Ozzy Branca
G_CM_BLACK_SABBATH_CARICATURA_BRANCA;Camisa com manga Black Sabbath Caricatura Branca
G_CM_BLACK_SABBATH_COM_DIO;Camisa com manga Black Sabbath Com Dio
G_CM_BLACK_SABBATH_HEAVEN;Camisa com manga Black Sabbath Heaven
CMBLG00057;Camisa Baby Look Black Sabbath Heaven And Hell
G_CM_BLACK_SABBATH_MOB_RULES;Camisa com manga Black Sabbath Mob Rules
G_CM_BLACK_SABBATH_ROXA;Camisa com manga Black Sabbath Roxa
CMBLG00056;Camisa Baby Look Black Sabbath Us Tour
G_CM_BLACK_SABBATH_US_TOUR;Camisa com manga Black Sabbath Us Tour
CMBLG00052;Camisa Baby Look Black Sabbath Vol 4
G_CM_BLACK_SABBATH_VOL_4;Camisa com manga Black Sabbath Vol 4
G_CM_BLEACH_BRANCA_VIRUS;Camisa com manga Bleach Branca Virus
G_CM_BLEACH_PRETA_HCD;Camisa com manga Bleach Preta Hcd
G_CM_BLIND_GUARDIAN;Camisa com manga Blind Guardian
G_CM_BON_JOVI_LOGO;Camisa com manga Bon Jovi Logo
CMBLG00022;Camisa Baby Look Bon Jovi Logo Dourado
G_CM_BURZUM_DET_SOM;Camisa com manga Burzum Det Som
G_CM_BURZUM_FILOSOFEN;Camisa com manga Burzum Filosofen
G_CM_CANDEIA;Camisa com manga Candeia
G_CM_CANNIBAL_CORPSE_THE_WRETCHED;Camisa com manga Cannibal Corpse The Wretched
G_CM_CANNIBAL_CORPSES_ESCRITO;Camisa com manga Cannibal Corpses Escrito
G_CM_CANNIBAL_ESVICERATION;Camisa com manga Cannibal Esviceration
CMBLG00023;Camisa Baby Look Capacete Stormtrooper
G_CM_CARPA;Camisa com manga Carpa
G_CM_CARTOLA_CAFE;Camisa com manga Cartola Cafe
G_CM_CARTOLA_VIOLAO;Camisa com manga Cartola Violao
G_CM_CAVEIRA_BATERISTA;Camisa com manga Caveira Baterista
G_CM_CAVEIRA_CHAPEU_RAY;Camisa com manga Caveira Chapeu Ray
G_CM_CAVEIRA_FONE;Camisa com manga Caveira Fone
G_CM_CAVEIRA_GUITARRA_MACHADO;Camisa com manga Caveira Guitarra Machado
G_CM_CAVEIRA_MEXICANA_COLORIDA;Camisa com manga Caveira Mexicana Colorida
CMBLG00079;Camisa Baby Look Caveira Mexicana Colorida Branca
G_CM_CAVEIRA_MEXICANA_COLORIDA_BRANCA;Camisa com manga Caveira Mexicana Colorida Branca
CMBLG00080;Camisa Baby Look Caveira Mexicana Colorida Preta
G_CM_CAVEIRA_MEXICANA_P/B;Camisa com manga Caveira Mexicana P/b
CMBLG00082;Camisa Baby Look Caveira Mexicana Rosa
G_CM_CAVEIRA_MEXICANA_ROSAS;Camisa com manga Caveira Mexicana Rosas
G_CM_CAVEIRA_MOTO_CINZA;Camisa com manga Caveira Moto Cinza
G_CM_CAVEIRA_MOTO_FOGO;Camisa com manga Caveira Moto Fogo
G_CM_CAVEIRA_TRONO;Camisa com manga Caveira Trono
CMCHP00001;Camisa  Chaveirosbeatles Yellow
G_CM_CHUCKY;Camisa com manga Chucky
CMCMG00164;Camisa com manga Cm G
CMCMM00246;Camisa com manga Cm M
CMCMP00147;Camisa com manga Cm P
CMCMGG00135;Camisa com manga Cm P Acdc Black Ice
CMBLG00071;Camisa Baby Look Coringa
G_CM_CORINGA_CABELO_VERDE;Camisa com manga Coringa Cabelo Verde
G_CM_CORINGA_CARTA;Camisa com manga Coringa Carta
G_CM_CURE_BOYS;Camisa com manga Cure Boys
CMBLG00033;Camisa Baby Look Dark Side Vader
G_CM_DARK_SIDE_VADER;Camisa com manga Dark Side Vader
G_CM_DARK_THRONE;Camisa com manga Dark Throne
G_CM_DARTH_VADER_BRANCA;Camisa com manga Darth Vader Branca
CMBLG00081;Camisa Baby Look David Caveira
G_CM_DAVID_CAVEIRA;Camisa com manga David Caveira
G_CM_DEATH_LOGO;Camisa com manga Death Logo
G_CM_DEATH_NOTE_BRANCA_VIRUS;Camisa com manga Death Note Branca Virus
G_CM_DEATH_NOTE_PRETA_HCD;Camisa com manga Death Note Preta Hcd
G_CM_DEEP_PURPLE_IN_ROCK;Camisa com manga Deep Purple In Rock
G_CM_DEF_LEPPARD_PYROMANIA;Camisa com manga Def Leppard Pyromania
G_CM_DEICEIDE_TO_HELL;Camisa com manga Deiceide To Hell
G_CM_DESTRUCTION;Camisa com manga Destruction
G_CM_DIMMU_BORGIR_PENTAGRAMA;Camisa com manga Dimmu Borgir Pentagrama
G_CM_DIO_HOLY_DIVER;Camisa com manga Dio Holy Diver
G_CM_DISTURBED;Camisa com manga Disturbed
G_CM_DOORS_AZUL;Camisa com manga Doors Azul
G_CM_DREAM_THEATER_AWAKEN;Camisa com manga Dream Theater Awaken
G_CM_DREAM_THEATER_BLACK_CLOUDS;Camisa com manga Dream Theater Black Clouds
G_CM_DREAM_THEATER_METROPOLIS;Camisa com manga Dream Theater Metropolis
G_CM_DRI_AZUL;Camisa com manga Dri Azul
G_CM_DRI_BRANCA;Camisa com manga Dri Branca
G_CM_ENGENHEIROS_AZUL;Camisa com manga Engenheiros Azul
CMBLG00061;Camisa Baby Look Evanescence Banda Antiga
CMBLG00066;Camisa Baby Look Evanescence Banda Nova
G_CM_EVANESCENCE_BANDA_NOVA_MASTER;Camisa com manga Evanescence Banda Nova Master
G_CM_EVANESCENCE_BANDA_VELHA_AZUL;Camisa com manga Evanescence Banda Velha Azul
G_CM_EVANESCENCE_OLHOS_AZUIS;Camisa com manga Evanescence Olhos Azuis
G_CM_EXODUS_BLACK_ANGEL;Camisa com manga Exodus Black Angel
G_CM_FENDER;Camisa com manga Fender
G_CM_FOO_FIGHTERS;Camisa com manga Foo Fighters
G_CM_GAMES_DRAGAO;Camisa com manga Games Dragao
G_CM_GAMES_LOBO;Camisa com manga Games Lobo
G_CM_GHOST;Camisa com manga Ghost
G_CM_GHOST_MULHER;Camisa com manga Ghost Mulher
G_CM_GIBSON;Camisa com manga Gibson
G_CM_GOD_OF_WAR_HCD;Camisa com manga God Of War Hcd
G_CM_GOD_OF_WAR_JOAO;Camisa com manga God Of War Joao
G_CM_GOD_OF_WAR_NOVA;Camisa com manga God Of War Nova
CMBLG00037;Camisa Baby Look Green Day American Idiot
G_CM_GREEN_DAY_AMERICAN_IDIOT;Camisa com manga Green Day American Idiot
G_CM_GUITARRA;Camisa com manga Guitarra
G_CM_GUNS_APPETITE;Camisa com manga Guns Appetite
CMBLG00060;Camisa Baby Look Guns Axl Cantando
G_CM_GUNS_AXL_CANTANDO;Camisa com manga Guns Axl Cantando
G_CM_GUNS_BANDA_PROFANUS;Camisa com manga Guns Banda Profanus
CMBLG00030;Camisa Baby Look Guns Cartola Equinox
G_CM_GUNS_CAVEIRA_CARTOLA_EQUINOX;Camisa com manga Guns Caveira Cartola Equinox
G_CM_GUNS_CAVEIRA_CARTOLA_MASTER;Camisa com manga Guns Caveira Cartola Master
CMBLG00075;Camisa Baby Look Guns Caveira Master
G_CM_GUNS_DOURADA;Camisa com manga Guns Dourada
G_BL_GUNS_LOGO_GRANDE;Camisa Baby Look Guns Logo Grande
G_CM_GUNS_LOGO_GRANDE_JOAO;Camisa com manga Guns Logo Grande Joao
CMBLG00073;Camisa Baby Look Guns Logo Grande Master
G_CM_GUNS_LOGO_GRANDE_MASTER;Camisa com manga Guns Logo Grande Master
G_CM_GUNS_NOME_GRANDE;Camisa com manga Guns Nome Grande
G_CM_GUNS_PRATA;Camisa com manga Guns Prata
G_CM_GUNS_SLASH_CINZA;Camisa com manga Guns Slash Cinza
G_CM_HARLEY_AGUIA;Camisa com manga Harley Aguia
G_CM_HARLEY_CINZA;Camisa com manga Harley Cinza
G_CM_HARLEY_DAVIDSON_TRADICIONAL;Camisa com manga Harley Davidson Tradicional
G_CM_HARLEY_MOTO_CINZA;Camisa com manga Harley Moto Cinza
G_CM_HARLEY_MOTO_COLOR;Camisa com manga Harley Moto Color
G_CM_HEINEKEN_HENDRIX;Camisa com manga Heineken Hendrix
G_CM_HEINEKEN_VERDE;Camisa com manga Heineken Verde
G_CM_HELLOWEEN_HELL;Camisa com manga Helloween Hell
G_CM_HELLOWEEN_KEEPER_PART_1;Camisa com manga Helloween Keeper Part 1
G_CM_HELLRAISER;Camisa com manga Hellraiser
G_CM_HENDRIX_CIGARRO;Camisa com manga Hendrix Cigarro
G_CM_HENDRIX_EXPERIENCE;Camisa com manga Hendrix Experience
CMCMM00045;Camisa com manga Hendrix Rosto
G_CM_IBANEZ;Camisa com manga Ibanez
G_CM_INDIO_COCAR;Camisa com manga Indio Cocar
G_CM_IRON_ALBUM_MASTER;Camisa com manga Iron Album Master
CMCMP00108;Camisa com manga Iron Cara Amarela
G_CM_IRON_EDDIE_COMENDO;Camisa com manga Iron Eddie Comendo
CMBLG00010;Camisa Baby Look Iron Fear
G_CM_IRON_FEAR;Camisa com manga Iron Fear
G_CM_IRON_FRONTIER;Camisa com manga Iron Frontier
G_CM_IRON_FUZIL;Camisa com manga Iron Fuzil
G_CM_IRON_KILLERS_EQUINOX;Camisa com manga Iron Killers Equinox
G_CM_IRON_KILLERS_MASTER;Camisa com manga Iron Killers Master
CMBLG00002;Camisa Baby Look Iron Killers Virus
G_CM_IRON_LIVE_AFTER;Camisa com manga Iron Live After
CMBLG00001;Camisa Baby Look Iron Number
G_CM_IRON_NUMBER;Camisa com manga Iron Number
G_CM_IRON_POWERSLAVE;Camisa com manga Iron Powerslave
G_CM_IRON_TROOPER_A_PE;Camisa com manga Iron Trooper A Pe
CMBLG00065;Camisa Baby Look Iron Trooper Cavalo
G_CM_IRON_TROOPER_CAVALO;Camisa com manga Iron Trooper Cavalo
G_BL_JACK_DANIELS;Camisa Baby Look Jack Daniels
G_CM_JACK_DANIELS;Camisa com manga Jack Daniels
G_CM_JANIS_ESCRITO_LADO;Camisa com manga Janis Escrito Lado
G_CM_JASON_FACAO;Camisa com manga Jason Facao
G_CM_JASON_MASCARA;Camisa com manga Jason Mascara
G_CM_JETHRO_TULL_AQUALUNG;Camisa com manga Jethro Tull Aqualung
G_CM_JETHRO_TULL_PAST;Camisa com manga Jethro Tull Past
G_CM_JIM_CAVEIRA_BRACOS;Camisa com manga Jim Caveira Bracos
G_CM_JIMI_BLACK;Camisa com manga Jimi Black
G_CM_JIMI_CHAPEU;Camisa com manga Jimi Chapeu
G_CM_JOAO_NOGUEIRA;Camisa com manga Joao Nogueira
G_CM_JOHNNY_CASH_HCD;Camisa com manga Johnny Cash Hcd
CMBLG00039;Camisa Baby Look Joy Division
G_CM_JOY_DIVISION;Camisa com manga Joy Division
G_CM_JOY_DIVISION_CANTANDO;Camisa com manga Joy Division Cantando
G_CM_JUDAS_PAINKILLER;Camisa com manga Judas Painkiller
G_CM_JUDAS_PRIEST_STEEL;Camisa com manga Judas Priest Steel
CMBLG00059;Camisa Baby Look Judas Steel
G_CM_JUSTICEIRO_CAVEIRA_BRANCA;Camisa com manga Justiceiro Caveira Branca
G_CM_JUSTICEIRO_CINZA;Camisa com manga Justiceiro Cinza
CMCMP00280;Camisa com manga Killers Master
G_CM_KISS_DESTROYER;Camisa com manga Kiss Destroyer
G_CM_KISS_DYNASTY;Camisa com manga Kiss Dynasty
CMBLG00049;Camisa Baby Look Kiss Rock And Roll
G_CM_KISS_ROCK_AND_ROLL;Camisa com manga Kiss Rock And Roll
G_CM_KORN_ESCRITO;Camisa com manga Korn Escrito
G_CM_KORN_UNTOUCHBLES;Camisa com manga Korn Untouchbles
G_CM_KREATOR_PHANTOM;Camisa com manga Kreator Phantom
G_CM_KREATOR_PLEASURE;Camisa com manga Kreator Pleasure
G_BL_LARANJA_MECANICA;Camisa Baby Look Laranja Mecanica
G_CM_LARANJA_MECANICA;Camisa com manga Laranja Mecanica
G_CM_LEAGUE_OF_LEGENDS;Camisa com manga League Of Legends
CMBLG00048;Camisa Baby Look Led Anjo Color
G_CM_LED_ANJO_COLORIDO;Camisa com manga Led Anjo Colorido
CMBLG00027;Camisa Baby Look Led Anjo Dourado
G_CM_LED_ANJO_DOURADO;Camisa com manga Led Anjo Dourado
G_CM_LED_BANDA_AMARELA;Camisa com manga Led Banda Amarela
CMBLG00025;Camisa Baby Look Led Eremita
CMBLG00026;Camisa Baby Look Led Mothership Branca
G_CM_LED_ZEPPELIN_EREMITA;Camisa com manga Led Zeppelin Eremita
G_CM_LED_ZEPPELIN_MOTHERSHIP;Camisa com manga Led Zeppelin Mothership
G_CM_LEGIAO_4_ESTACOES;Camisa com manga Legiao 4 Estacoes
G_CM_LEGIAO_BANDA_AZUL_MASTER;Camisa com manga Legiao Banda Azul Master
CMCMGG00051;Camisa com manga Legiao Bonequinhos
G_CM_LEGIAO_DOURADA;Camisa com manga Legiao Dourada
G_CM_LEGIAO_FAROESTE;Camisa com manga Legiao Faroeste
CMBLG00029;Camisa Baby Look Legiao Logo Dourada
G_CM_LEGIAO_VERDE;Camisa com manga Legiao Verde
CMBLG00041;Camisa Baby Look Linkin Meteora
G_CM_LINKIN_PARK_METEORA;Camisa com manga Linkin Park Meteora
CMBLG00031;Camisa Baby Look Linkin Park Road Escrito Branco
G_CM_LINKIN_PARK_ROAD_ESCRITO_BRANCO;Camisa com manga Linkin Park Road Escrito Branco
G_CM_LINKIN_PARK_SOLDADO_HYBRID;Camisa com manga Linkin Park Soldado Hybrid
G_CM_LYNYRD_CAVEIRA;Camisa com manga Lynyrd Caveira
CMCMP00133;Camisa com manga Lynyrd Escrito
G_CM_MARILYN_MANSON_MASTER;Camisa com manga Marilyn Manson Master
G_CM_MARIO_LUIGI;Camisa com manga Mario Luigi
G_CM_MARSHALL;Camisa com manga Marshall
G_CM_MAYHEM;Camisa com manga Mayhem
G_CM_MAYHEM_AZUL;Camisa com manga Mayhem Azul
CMBLG00054;Camisa Baby Look Megadeth Bomba
G_CM_MEGADETH_BOMBA;Camisa com manga Megadeth Bomba
G_CM_MEGADETH_CAVEIRA;Camisa com manga Megadeth Caveira
G_CM_MEGADETH_CAVEIRA_MASTER;Camisa com manga Megadeth Caveira Master
G_CM_MEGADETH_CAVEIRA_PROFANUS;Camisa com manga Megadeth Caveira Profanus
CMBLG00072;Camisa Baby Look Megadeth Rust
G_CM_MEGADETH_RUST;Camisa com manga Megadeth Rust
G_CM_MERCYFUL_FATE;Camisa com manga Mercyful Fate
G_CM_METALLICA_COBRA;Camisa com manga Metallica Cobra
G_CM_METALLICA_DEATH_MAGNETIC_BRANCA;Camisa com manga Metallica Death Magnetic Branca
G_CM_METALLICA_DEATH_MAGNETIC_PRETA;Camisa com manga Metallica Death Magnetic Preta
G_CM_METALLICA_DEATH_MAGNETIC_VIRUS;Camisa com manga Metallica Death Magnetic Virus
CMBLG00008;Camisa Baby Look Metallica Justice
G_CM_METALLICA_JUSTICE;Camisa com manga Metallica Justice
G_CM_METALLICA_JUSTICE_PRETA;Camisa com manga Metallica Justice Preta
CMBLG00051;Camisa Baby Look Metallica Kill
G_CM_METALLICA_KILL;Camisa com manga Metallica Kill
CMBLG00076;Camisa Baby Look Metallica Magnetic Branca
CMBLG00058;Camisa Baby Look Metallica Master
G_CM_METALLICA_MASTER;Camisa com manga Metallica Master
G_CM_METALLICA_MASTER_ROCK;Camisa com manga Metallica Master Rock
CMBLG00045;Camisa Baby Look Metallica Ride
G_CM_METALLICA_RIDE;Camisa com manga Metallica Ride
CMBLG00053;Camisa Baby Look Metallica St Anger
G_CM_METALLICA_ST_ANGER_PUNHO;Camisa com manga Metallica St Anger Punho
G_CM_MEXICANA_TATTOO;Camisa com manga Mexicana Tattoo
CMCMM00103;Camisa com manga Misfits Legacy
G_CM_MISFITS_ROXA;Camisa com manga Misfits Roxa
G_CM_MISFITS_VERDE;Camisa com manga Misfits Verde
G_CM_MORBID_ANGEL_ALTARS;Camisa com manga Morbid Angel Altars
G_CM_MORBID_ANGEL_LOGO;Camisa com manga Morbid Angel Logo
G_CM_MOTO_INDIAN;Camisa com manga Moto Indian
G_CM_MOTORHEAD_KISS_OF_DEATH;Camisa com manga Motorhead Kiss Of Death
CMBLG00028;Camisa Baby Look Motorhead Tradicional
G_CM_MOTORHEAD_TRADICIONAL;Camisa com manga Motorhead Tradicional
G_CM_NARUTO_BRANCA_VIRUS;Camisa com manga Naruto Branca Virus
G_CM_NIRVANA_BANDA_MASTER;Camisa com manga Nirvana Banda Master
G_CM_NIRVANA_BATERIA;Camisa com manga Nirvana Bateria
CMCMP00136;Camisa com manga Nirvana Bleach
CMBLG00070;Camisa Baby Look Nirvana Nevermind
G_CM_NIRVANA_NEVERMIND;Camisa com manga Nirvana Nevermind
G_BL_NIRVANA_SMILE;Camisa Baby Look Nirvana Smile
G_CM_NIRVANA_SMILE;Camisa com manga Nirvana Smile
G_CM_NOEL;Camisa com manga Noel
G_CM_OASIS;Camisa com manga Oasis
G_CM_OBITUARY_ESTAMPA;Camisa com manga Obituary Estampa
G_CM_OBITUARY_LOGO;Camisa com manga Obituary Logo
G_CM_OFFSPRING_P/B;Camisa com manga Offspring P/b
G_CM_ONE_PIECE_PRETA_HCD;Camisa com manga One Piece Preta Hcd
G_CM_ONE_PIECE_PRETA_VIRUS;Camisa com manga One Piece Preta Virus
G_CM_OZZY_MORCEGO;Camisa com manga Ozzy Morcego
G_CM_PANTERA_COWBOYS;Camisa com manga Pantera Cowboys
CMBLG00040;Camisa Baby Look Pantera Dourada Official
G_CM_PANTERA_OFFICIAL;Camisa com manga Pantera Official
G_CM_PANTERA_SOCO;Camisa com manga Pantera Soco
G_BL_PASSARO_VERMELHO;Camisa Baby Look Passaro Vermelho
G_CM_PASSARO_VERMELHO;Camisa com manga Passaro Vermelho
G_CM_PEARL;Camisa com manga Pearl
CMBLG00032;Camisa Baby Look Pearl Jam Bonequinho
G_CM_PEARL_JAM_BONEQUINHO;Camisa com manga Pearl Jam Bonequinho
G_CM_PINK_FLOYD_DESENHO;Camisa com manga Pink Floyd Desenho
G_CM_PINK_FLOYD_PRISMA;Camisa com manga Pink Floyd Prisma
G_CM_PINK_FLOYD_PRISMA_BANDA;Camisa com manga Pink Floyd Prisma Banda
G_CM_PINK_FLOYD_THE_WALL_BRANCA;Camisa com manga Pink Floyd The Wall Branca
CMBLG00069;Camisa Baby Look Pink Floyd Wall Preta
G_CM_PINK_FLOYD_WALL_PRETA;Camisa com manga Pink Floyd Wall Preta
CMBLG00074;Camisa Baby Look Piratas Do Caribe
G_CM_PIRATAS_DO_CARIBE;Camisa com manga Piratas Do Caribe
G_CM_PIXINGUINHA;Camisa com manga Pixinguinha
G_CM_PODEROSO_CHEFAO;Camisa com manga Poderoso Chefao
G_CM_QUEEN_DOURADA;Camisa com manga Queen Dourada
CMBLG00024;Camisa Baby Look Queen Logo Dourada
G_CM_RAGE_AGAINST_BRANCA;Camisa com manga Rage Against Branca
G_CM_RAINBOW_LONG_LIVE;Camisa com manga Rainbow Long Live
G_CM_RAINBOW_RISING;Camisa com manga Rainbow Rising
G_CM_RAMMSTEIN;Camisa com manga Rammstein
CMBLG00003;Camisa Baby Look Ramones Banda Branca
G_CM_RAMONES_BANDA_BRANCA;Camisa com manga Ramones Banda Branca
G_CM_RAMONES_PROCURADOS;Camisa com manga Ramones Procurados
G_CM_RAMONES_TRADICIONAL_BRANCA;Camisa com manga Ramones Tradicional Branca
G_BL_RAMONES_TRADICIONAL_PRETA;Camisa Baby Look Ramones Tradicional Preta
G_CM_RAMONES_TRADICIONAL_PRETA;Camisa com manga Ramones Tradicional Preta
G_CM_RAUL_CHAVE;Camisa com manga Raul Chave
CMCMM00048;Camisa com manga Raul Rosto
CMBLG00006;Camisa Baby Look Red Hot Branca
G_CM_RED_HOT_BRANCA;Camisa com manga Red Hot Branca
G_BL_RED_HOT_PRETA;Camisa Baby Look Red Hot Preta
G_CM_RED_HOT_PRETA;Camisa com manga Red Hot Preta
G_CM_RUSH_CORUJA;Camisa com manga Rush Coruja
G_CM_RUSH_ESTRELA;Camisa com manga Rush Estrela
G_CM_RUSH_MOVING_PICTURES;Camisa com manga Rush Moving Pictures
G_CM_SARCOFAGO_ROTTING;Camisa com manga Sarcofago Rotting
G_CM_SARCOFAGO_SCOURGE;Camisa com manga Sarcofago Scourge
G_CM_SCORPIONS_IN_TRANCE;Camisa com manga Scorpions In Trance
G_CM_SEPULTURA_REMAINS;Camisa com manga Sepultura Remains
G_CM_SEPULTURA_ROOTS;Camisa com manga Sepultura Roots
G_CM_SEPULTURA_S;Camisa com manga Sepultura S
CMBLG00021;Camisa Baby Look Sex Pistols Amarela
G_CM_SEX_PISTOLS_AMARELA;Camisa com manga Sex Pistols Amarela
G_CM_SEX_PISTOLS_FANTA;Camisa com manga Sex Pistols Fanta
G_CM_SLASH_CAVEIRA;Camisa com manga Slash Caveira
G_CM_SLAYER_AGUIA;Camisa com manga Slayer Aguia
G_CM_SLAYER_CAVEIRA_CAPACETE;Camisa com manga Slayer Caveira Capacete
G_CM_SLAYER_FUZIL;Camisa com manga Slayer Fuzil
G_CM_SLAYER_REIGN_IN_BLOOD;Camisa com manga Slayer Reign In Blood
G_CM_SLAYER_SOUTH;Camisa com manga Slayer South
CMBLG00064;Camisa Baby Look Slipknot Banda Nova Master
G_CM_SLIPKNOT_BANDA_NOVA_MASTER;Camisa com manga Slipknot Banda Nova Master
CMBLG00004;Camisa Baby Look Slipknot Banda Nova Virus
G_CM_SLIPKNOT_BANDA_NOVA_VIRUS;Camisa com manga Slipknot Banda Nova Virus
G_CM_SLIPKNOT_CIRCO;Camisa com manga Slipknot Circo
G_CM_SLIPKNOT_COD_BARRAS;Camisa com manga Slipknot Cod Barras
G_CM_SLIPKNOT_QUADRADINHOS;Camisa com manga Slipknot Quadradinhos
G_CM_SMITHS;Camisa com manga Smiths
G_CM_SMITHS_CAPACETE;Camisa com manga Smiths Capacete
G_CM_SONIC_YOUTH_AZUL;Camisa com manga Sonic Youth Azul
G_CM_SONIC_YOUTH_BRANCA;Camisa com manga Sonic Youth Branca
G_CM_SOUNDGARDEN;Camisa com manga Soundgarden
G_CM_STAR_WARS_CAPACETE;Camisa com manga Star Wars Capacete
G_CM_STONES_LINGUA_BRANCA;Camisa com manga Stones Lingua Branca
G_BL_STONES_LINGUA_PRETA;Camisa Baby Look Stones Lingua Preta
G_CM_STONES_LINGUA_PRETA;Camisa com manga Stones Lingua Preta
G_CM_STROKES_BRANCA;Camisa com manga Strokes Branca
CMBLG00036;Camisa Baby Look Strokes Preta
G_CM_STROKES_PRETA;Camisa com manga Strokes Preta
CMSUM00001;Camisa  Suspensorios Medios
G_CM_SYSTEM_ALVO;Camisa com manga System Alvo
G_CM_SYSTEM_BANDA_GRANDE_MASTER;Camisa com manga System Banda Grande Master
CMBLG00009;Camisa Baby Look System Banda Nova Virus
G_CM_SYSTEM_BANDA_NOVA_VIRUS;Camisa com manga System Banda Nova Virus
CMBLG00062;Camisa Baby Look System Bonequinhos
G_CM_SYSTEM_BONEQUINHOS;Camisa com manga System Bonequinhos
G_CM_SYSTEM_HYPNOTIZE;Camisa com manga System Hypnotize
G_CM_SYSTEM_MAO;Camisa com manga System Mao
G_CM_SYSTEM_MEZMERIZE_ALBUM;Camisa com manga System Mezmerize Album
CMBLG00067;Camisa Baby Look System Mezmerize Banda
G_CM_SYSTEM_MEZMERIZE_BANDA;Camisa com manga System Mezmerize Banda
G_CM_TESTAMENT_BRANCA;Camisa com manga Testament Branca
G_CM_TESTAMENT_DARK;Camisa com manga Testament Dark
CMCMG00373;Camisa com manga The Cure Boys
G_CM_THE_CURE_PRETA;Camisa com manga The Cure Preta
G_CM_THE_DOORS_MORRISON_BRANCA;Camisa com manga The Doors Morrison Branca
G_CM_THE_STROKES;Camisa com manga The Strokes
G_CM_THE_WHO;Camisa com manga The Who
G_CM_TIM_MAIA;Camisa com manga Tim Maia
G_CM_TIO_SAM;Camisa com manga Tio Sam
G_CM_TOM_JOBIM;Camisa com manga Tom Jobim
G_BL_TROOPER_A_PE_JOAO;Camisa Baby Look Trooper A Pe Joao
G_CM_V_DE_VINGANCA_BRANCA;Camisa com manga V De Vinganca Branca
G_CM_V_DE_VINGANCA_PRETA;Camisa com manga V De Vinganca Preta
G_CM_VAN_HALEN_ANJO;Camisa com manga Van Halen Anjo
G_CM_VAN_HALEN_DOURADA;Camisa com manga Van Halen Dourada
CMBLG00038;Camisa Baby Look Van Halen Logo Dourado
CMCMM00042;Camisa com manga Venon Pentagrama
G_CM_VENON_POSSESSED;Camisa com manga Venon Possessed
G_CM_VENON_PRATA;Camisa com manga Venon Prata
G_CM_VINICIUS;Camisa com manga Vinicius
G_CM_WALKING_DEAD_MASTER;Camisa com manga Walking Dead Master
G_CM_WALKING_DEAD_VIRUS;Camisa com manga Walking Dead Virus
G_CM_WASP_I;Camisa com manga Wasp I
G_CM_WHITESNAKE_LOVE;Camisa com manga Whitesnake Love
G_CM_YES_FLY_FROM;Camisa com manga Yes Fly From
G_CM_YES_FRAGILE;Camisa com manga Yes Fragile
G_CM_YES_LOGO;Camisa com manga Yes Logo
G_CM_ZILDJIAN;Camisa com manga Zildjian
